"distance","rssi"
1,-40
2,-48.1278098829275
3,-52.8822738774309
4,-56.255619765855
5,-58.8721901170725
6,-61.0100837603584
7,-62.8176470803849
8,-64.3834296487825
9,-65.7645477548618
10,-67
11,-68.1176024992721
12,-69.1378936432859
13,-70.0764705122846
14,-70.9454569633124
15,-71.7544639945034
